givenName,surName,department,companyname,country,city
Michaele,Han,Support,Demo Company,Norway,Trondheim
Marc,Medino,IT,Demo Company,Norway,Trondheim
Christiana,Harrington,HR,Demo Company,Norway,Trondheim
Ian,Martinez,HR,Demo Company,Norway,Trondheim
Michelli,Mendez,Support,Demo Company,Norway,Trondheim
George,Warren,IT,Demo Company,Norway,Trondheim
Keith,Rios,Finance,Demo Company,Norway,Trondheim
Johnn,Carr,Sales,Demo Company,Norway,Trondheim
Donalde,Warner,Marketing,Demo Company,Norway,Trondheim
Gregory,Hale,Support,Demo Company,Norway,Trondheim